positive_class,true_negatives,false_positives,false_negatives,true_positives,example_count,accuracy_score,recall_score,precision_score,f1_score,roc_auc,precision_recall_auc
0,99289,6961,6836,9630,122716,0.8875696730662668,0.5848414915583627,0.5804351756976674,0.5826300027225702,0.9014103600288651,0.5991814829093063
1,61738,12618,12882,35478,122716,0.7922031356954269,0.7336228287841191,0.7376497005988024,0.7356307539188853,0.8634504248356809,0.8078576550364891
2,56905,10647,9728,45436,122716,0.8339662309723264,0.8236531070988325,0.8101563753722162,0.8168489936807285,0.9135758585362072,0.894776449433675
3,118924,1066,1846,880,122716,0.9762704129860816,0.32281731474688186,0.4522096608427544,0.3767123287671233,0.9202890226178669,0.3530104290061819
