{
    "0": {
        "precision": 0.947191963060623,
        "recall": 0.7668463351493373,
        "f1-score": 0.8475314540106866,
        "support": 103524
    },
    "1": {
        "precision": 0.3795594170115415,
        "recall": 0.769383076281784,
        "f1-score": 0.5083397882778208,
        "support": 19192
    },
    "accuracy": 0.7672430652889599,
    "macro avg": {
        "precision": 0.6633756900360823,
        "recall": 0.7681147057155606,
        "f1-score": 0.6779356211442538,
        "support": 122716
    },
    "weighted avg": {
        "precision": 0.8584178519115148,
        "recall": 0.7672430652889599,
        "f1-score": 0.7944840400732607,
        "support": 122716
    }
}