{
    "0": {
        "precision": 0.9349219697052431,
        "recall": 0.8269386808855917,
        "f1-score": 0.8776212126648588,
        "support": 103524
    },
    "1": {
        "precision": 0.42482904748146005,
        "recall": 0.6895060441850771,
        "f1-score": 0.5257344907729287,
        "support": 19192
    },
    "accuracy": 0.8054450927344438,
    "macro avg": {
        "precision": 0.6798755085933516,
        "recall": 0.7582223625353344,
        "f1-score": 0.7016778517188937,
        "support": 122716
    },
    "weighted avg": {
        "precision": 0.85514668886722,
        "recall": 0.8054450927344438,
        "f1-score": 0.8225883728839832,
        "support": 122716
    }
}