{
    "0": {
        "precision": 0.9088385269121813,
        "recall": 0.9296974614582126,
        "f1-score": 0.9191496676598672,
        "support": 103524
    },
    "1": {
        "precision": 0.567197906755471,
        "recall": 0.49697790746144227,
        "f1-score": 0.529771161964008,
        "support": 19192
    },
    "accuracy": 0.8620228821017634,
    "macro avg": {
        "precision": 0.7380182168338261,
        "recall": 0.7133376844598275,
        "f1-score": 0.7244604148119376,
        "support": 122716
    },
    "weighted avg": {
        "precision": 0.8554081121166568,
        "recall": 0.8620228821017634,
        "f1-score": 0.8582533519283004,
        "support": 122716
    }
}