positive_class,true_negatives,false_positives,false_negatives,true_positives,example_count,accuracy_score,recall_score,precision_score,f1_score,roc_auc,precision_recall_auc
0,94706,11544,9764,6702,122716,0.8263633104077708,0.40702052714684805,0.3673133837553436,0.38614888223092886,0.8182284830774288,0.3717743941477848
1,62173,12183,26335,22025,122716,0.6861207992437824,0.4554383788254756,0.6438552385406923,0.5334996608855732,0.7246760048377463,0.6370456063362585
2,50353,17199,14281,40883,122716,0.7434727337918445,0.741117395402799,0.7038841637684653,0.7220210868375042,0.8292886294191943,0.799202281201384
3,109221,10769,1315,1411,122716,0.9015287330095505,0.5176082171680118,0.1158456486042693,0.1893197370186502,0.8655443728283299,0.17280263715916055
