positive_class,true_negatives,false_positives,false_negatives,true_positives,example_count,accuracy_score,recall_score,precision_score,f1_score,roc_auc,precision_recall_auc
0,87243,19007,6646,9820,122716,0.7909563545095994,0.5963804202599295,0.34065286016581675,0.4336210893515554,0.7539181737769808,0.3076793891362912
1,57373,16983,24209,24151,122716,0.6643306496300401,0.49940033085194374,0.5871298682355229,0.5397233334078262,0.6932235844773056,0.5593217510382492
2,52966,14586,22530,32634,122716,0.6975455523322143,0.5915814661735914,0.6911054637865311,0.6374824191279886,0.7549264934499949,0.6712899019566562
3,115645,4345,1536,1190,122716,0.9520763388637179,0.43653705062362436,0.21499548328816623,0.2881007141992495,0.7417242996588674,0.13897146342879088
