{
    "0": {
        "precision": 0.8356067407970164,
        "recall": 0.467476140798269,
        "f1-score": 0.5995416253716551,
        "support": 103524
    },
    "1": {
        "precision": 0.14924382716049384,
        "recall": 0.5039078782826177,
        "f1-score": 0.23028383655586246,
        "support": 19192
    },
    "accuracy": 0.47317383226311155,
    "macro avg": {
        "precision": 0.49242528397875507,
        "recall": 0.48569200954044334,
        "f1-score": 0.4149127309637588,
        "support": 122716
    },
    "weighted avg": {
        "precision": 0.7282639571460487,
        "recall": 0.47317383226311155,
        "f1-score": 0.541792061476542,
        "support": 122716
    }
}