{
    "0": {
        "precision": 0.9145752756797221,
        "recall": 0.9205208454078281,
        "f1-score": 0.9175384289503709,
        "support": 103524
    },
    "1": {
        "precision": 0.5556995518116529,
        "recall": 0.5362130054189246,
        "f1-score": 0.5457823977088913,
        "support": 19192
    },
    "accuracy": 0.8604175494638026,
    "macro avg": {
        "precision": 0.7351374137456874,
        "recall": 0.7283669254133763,
        "f1-score": 0.731660413329631,
        "support": 122716
    },
    "weighted avg": {
        "precision": 0.8584494005495353,
        "recall": 0.8604175494638026,
        "f1-score": 0.8593981558679165,
        "support": 122716
    }
}