{
    "0": {
        "precision": 0.9183086700058188,
        "recall": 0.7774718905760983,
        "f1-score": 0.8420419415078647,
        "support": 103524
    },
    "1": {
        "precision": 0.3430950412044826,
        "recall": 0.6269278866194248,
        "f1-score": 0.44348611341479144,
        "support": 19192
    },
    "accuracy": 0.7539277681801884,
    "macro avg": {
        "precision": 0.6307018556051507,
        "recall": 0.7021998885977616,
        "f1-score": 0.6427640274613281,
        "support": 122716
    },
    "weighted avg": {
        "precision": 0.8283489258489424,
        "recall": 0.7539277681801884,
        "f1-score": 0.7797103510651981,
        "support": 122716
    }
}