positive_class,true_negatives,false_positives,false_negatives,true_positives,example_count,accuracy_score,recall_score,precision_score,f1_score,roc_auc,precision_recall_auc
0,94798,11452,10030,6436,122716,0.824945402392516,0.39086602696465444,0.3597942754919499,0.3746870815625546,0.8140716253813561,0.373621871366953
1,63095,11261,27963,20397,122716,0.6803676782163695,0.4217741935483871,0.644292122054457,0.509810292684146,0.6993681324004908,0.6105489045029839
2,50209,17343,14590,40574,122716,0.7397812836141986,0.735515916177217,0.7005542414144379,0.7176095011540401,0.81974422549766,0.7816914838901061
3,106388,13602,1075,1651,122716,0.8803986440235992,0.6056493030080704,0.10824100177014358,0.18365871294287778,0.8704818349071276,0.16125876118471355
