{
  "0": {
    "precision": 0.9673951060136064,
    "recall": 0.9674,
    "f1-score": 0.9674,
    "support": 103524
  },
  "1": {
    "precision": 0.7228836521881928,
    "recall": 0.4587328053355565,
    "f1-score": 0.5612827133339708,
    "support": 19192
  },
  "accuracy": 0.8878467355520062,
  "macro avg": {
    "precision": 0.8451393791008996,
    "recall": 0.7130664026677782,
    "f1-score": 0.7643413566669854,
    "support": 122716
  },
  "weighted avg": {
    "precision": 0.9331589241551577,
    "recall": 0.8878467355520062,
    "f1-score": 0.8990518044167564,
    "support": 122716
  }
}

