positive_class,true_negatives,false_positives,false_negatives,true_positives,example_count,accuracy_score,recall_score,precision_score,f1_score,roc_auc,precision_recall_auc
0,95219,11031,11146,5320,122716,0.8192819192281365,0.32309000364387225,0.32536236315821665,0.3242222019075479,0.7661775614635505,0.3043498082164439
1,64132,10224,31664,16696,122716,0.6586590175690211,0.34524400330851945,0.6202080237741456,0.44357066950053137,0.6553236470393187,0.56194445665822
2,44842,22710,15339,39825,122716,0.6899426317676587,0.7219382205786382,0.6368433677140801,0.6767262253714984,0.7640341523433283,0.7126203120372755
3,104315,15675,1491,1235,122716,0.860116040288145,0.4530447542186354,0.07303370786516854,0.12578936646974942,0.7921001961095193,0.09336380003262683
