{
  "0": {
    "precision": 0.9680511182108622,
    "recall": 0.9063125445468305,
    "f1-score": 0.9362502734341243,
    "support": 103524
  },
  "1": {
    "precision": 0.7243942373695957,
    "recall": 0.4570748026540797,
    "f1-score": 0.5610637980833573,
    "support": 19192
  },
  "accuracy": 0.8897062463666443,
  "macro avg": {
    "precision": 0.846222677790229,
    "recall": 0.6816936736004551,
    "f1-score": 0.7486570357587408,
    "support": 122716
  },
  "weighted avg": {
    "precision": 0.9270434527410138,
    "recall": 0.8897062463666443,
    "f1-score": 0.891307728216802,
    "support": 122716
  }
}
