positive_class,true_negatives,false_positives,false_negatives,true_positives,example_count,accuracy_score,recall_score,precision_score,f1_score,roc_auc,precision_recall_auc
0,96357,9893,10037,6429,122716,0.8375924899768571,0.39044090853880725,0.39388555324102437,0.392155666707332,0.8323468271875736,0.4070076258590857
1,63316,11040,26600,21760,122716,0.6932755304931713,0.44995864350703063,0.6634146341463415,0.5362247412518483,0.7164808765598678,0.6421994833766147
2,47888,19664,11972,43192,122716,0.742201505916099,0.7829744035965485,0.6871579483263333,0.7319437383494324,0.8202860978470433,0.7858661661255076
3,110583,9407,1395,1331,122716,0.911975618501255,0.48826118855465883,0.1239523188675731,0.1977124183006536,0.8706469058286038,0.1798525907638039
